{"max": [0.29645, 0.278488, 0.0753141], "centroid": [0.10938294851791996, 0.09077851036015064, -0.2502665401039984], "id": "c19c6178ed0f6f9da989559b7c93527c", "numVertices": 3452, "min": [-0.0846027, -0.2, -0.560924]}
