{"max": [0.157676, 0.802919, 0.00225732], "centroid": [0.00022918112090359943, 0.23919759317987022, -0.040081825870637584], "id": "10b65379796e96091c86d29189611a06", "numVertices": 28375, "min": [-0.152595, -0.173934, -0.0657801]}
