{"max": [0.9017, 0.0, 0.0], "centroid": [0.45085019000000015, -0.24562989999999996, -0.27622494000000003], "id": "faa5d5ba2a002922511e5b9dc733c75c", "numVertices": 40, "min": [0.0, -0.45, -0.55245]}
