{"max": [0.392205, 0.624082, 0.384109], "centroid": [0.11833286005899983, 0.38285109484065416, 0.11879081935033453], "id": "4cd37983220c5949946c2e1ea428382a", "numVertices": 3439, "min": [-0.157811, -0.00051087, -0.146867]}
