{"max": [1.12431, 1.45108, 1.56446], "centroid": [0.9589965733211544, 1.1190182631338539, 0.9253335861123801], "id": "6770adca6c298f68fc3f90c1b551a0f7", "numVertices": 2189, "min": [0.794114, 0.0, 0.341645]}
