{"max": [0.0, 0.819205, 0.754384], "centroid": [-0.5250531063698635, 0.37999257657534213, 0.4404442191780821], "id": "c375f006c3384e83c71d7f4874a478cb", "numVertices": 146, "min": [-1.05011, 0.0, 0.0]}
