{"max": [10.8902, 3.03596, 4.76837e-07], "centroid": [5.445098046383552, 1.5945675120200071, -4.100007374649654], "id": "dd9ece07d4bc696c2bafe808edd44356", "numVertices": 7112, "min": [0.0, -4.76837e-07, -13.0328]}
