{"max": [1.11688, 1.52721, 2.65113], "centroid": [0.01164715594225783, 0.562573667180926, -0.04589999101848248], "id": "42134787c805fffe1ab9df4be75138d0", "numVertices": 8278, "min": [-1.06707, 2.50601e-05, -2.63817]}
