{"max": [2.71643, 0.901758, -0.710642], "centroid": [1.766738443983405, 0.25344095435684555, -1.224629499308435], "id": "f87682301c61288c25a12159dbc477b5", "numVertices": 723, "min": [0.386431, 0.0, -2.27064]}
