{"max": [-0.675338, 1.26827, 0.407926], "centroid": [-1.0762537036561912, 0.6524439123797277, 0.12189864862091089], "id": "637b36b2e5db7f513f7e27638e63d848", "numVertices": 1559, "min": [-1.4787, 0.0494111, -0.333397]}
