{"max": [17.0548, 8.57993, 33.2611], "centroid": [8.54427081516001, -2.8057751340390626, 23.55856465437444], "id": "e062fc06dd5e0e01469ef73f4f6c51df", "numVertices": 98329, "min": [3.8147e-06, -8.17504, 13.8571]}
