{"max": [2.11059, 25.0003, 0.949059], "centroid": [-0.09438686206824909, 1.8518834162666256, -7.269537289137575], "id": "379fa7ba7c753376619ef21bc094a137", "numVertices": 5341, "min": [-2.65284, -2.44, -16.9982]}
