{"max": [0.0, 0.9906, 0.522442], "centroid": [-0.22860000705882363, 0.5513400272941171, 0.39387097647058833], "id": "dd414923feefc1bd160139aa3ea05a51", "numVertices": 170, "min": [-0.4572, 0.0, 0.0]}
