,current_time,overall_loss,content_loss,tv_loss,style_loss,time
bunny_simpsons1,2019-11-06 19:48:21.018129,93149680000.0,42.810287,4500.262,7079087600.0,1188
