{"max": [0.0, 0.482828, 0.0], "centroid": [-0.7443310185344826, 0.28796835344827626, -0.4222461465517241], "id": "401637cb32f0eebb2b8489ea79093b09", "numVertices": 232, "min": [-1.604, 0.0, -1.04345]}
