{"max": [24.3061, 17.7483, 39.601], "centroid": [-5.801876737080993, 2.2872056886578274, 13.701167404329532], "id": "5b76fbabde77889c99399ee63318a21b", "numVertices": 2864, "min": [-35.7178, -1.08168, -17.472]}
